"0.1 uF;5;""C9 C10 C11 C12 C13"""
"0.47 UF;1;""C2"""
"39 UF;7;""C1 C3 C4 C5 C6 C7 C8"""
"DIODE;1;""D1"""
"LED;9;""D4 D5 D6 D7 D8 D9 D10 D11 D12"""
"7805;1;""IC1"""
"LM4250;1;""IC2"""
"JUMPER;3;""JP1 JP2 JP3"""
"RESET(s);1;""K1"""
"POWER;1;""P1"""
"CPLD PINS;1;""P2"""
"CONN_1;14;""P3 P4 P6 P7 P8 P9 P10 P11 P13 P14 P15 P16 P17 P18"""
"CONN_2;1;""P12"""
"XILINX CABLE2;1;""P19"""
"2N3906;1;""Q1"""
"2N3904;2;""Q2 Q13"""
"^^NPN-BC817-SOT323;8;""Q5 Q6 Q7 Q8 Q9 Q10 Q11 Q12"""
"TIP29;1;""Q3"""
"TIP30;1;""Q4"""
"0;8;""R19 R22 R23 R24 R28 R29 R30 R31"""
"100;11;""R20 R25 R26 R27 R33 R35 R37 R39 R41 R43 R45"""
"270;14;""R11 R12 R13 R14 RR1 RR2 RR3 RR4 RR5 RR6 RR7 RR8 RR9 RR10"""
"330;1;""R47"""
"560;2;""R3 R5"""
"910;2;""R6 R7"""
"1000;2;""R4 R8"""
"1K;2;""R15 R46"""
"1800;2;""R9 R10"""
"2000;1;""R1"""
"10K;1;""R16"""
"10k;8;""R21 R32 R34 R36 R38 R40 R42 R44"""
"150K;1;""R2"""
"SW_PUSH;1;""SW1"""
"S100;16;""U1 U2 U3 U4 U5 U6 U7 U8 U9 U10 U11 U12 U13 U14 U15 U16"""
"LM1086CS;1;""U17"""
"74LS245;3;""U18 U19 U20"""
"XC9572XL-VQ44;1;""U21"""
"MAX3002;1;""U22"""
"74LS14;1;""U23"""
"S100-EX;1;""U100"""
"^^LOGO1;1;""U1000"""
"LOGO2;1;""U1001"""
