" /INT from CPLD;  1;""P13""",,,,,,,,,,,,,,,,,,,,,,,,,,,,,,,,,,,,,,,
"              0;  8;""R22", R24, R46, R47, R48, R49, R50," R51""",,,,,,,,,,,,,,,,,,,,,,,,,,,,,,,,
"         0.1 uF; 40;""C1", C3, C4, C5, C6, C7, C8, C9, C10, C11, C12, C13, C14, C15, C16, C17, C18, C19, C20, C21, C22, C23, C30, C41, C42, C43, C44, C45, C46, C47, C48, C49, C50, C51, C52, C54, C55, C56, C57," C60"""
"          0.1uF;  3;""C35", C38," C40""",,,,,,,,,,,,,,,,,,,,,,,,,,,,,,,,,,,,,
"         0.47uF;  2;""C37"," C39""",,,,,,,,,,,,,,,,,,,,,,,,,,,,,,,,,,,,,,
"         1.0 uF;  5;""C24", C25, C26, C27," C28""",,,,,,,,,,,,,,,,,,,,,,,,,,,,,,,,,,,
"             10;  1;""R1""",,,,,,,,,,,,,,,,,,,,,,,,,,,,,,,,,,,,,,,
"          10 uF;  1;""C2""",,,,,,,,,,,,,,,,,,,,,,,,,,,,,,,,,,,,,,,
"            100;  6;""R30", R31, R32, R54, R55," R56""",,,,,,,,,,,,,,,,,,,,,,,,,,,,,,,,,,
"           100k;  5;""R5", R13, R14, R18," R19""",,,,,,,,,,,,,,,,,,,,,,,,,,,,,,,,,,,
"            10k;  4;""R2", R9, R21," R23""",,,,,,,,,,,,,,,,,,,,,,,,,,,,,,,,,,,,
"           10uF;  3;""C33", C34," C36""",,,,,,,,,,,,,,,,,,,,,,,,,,,,,,,,,,,,,
"          16550;  1;""U1""",,,,,,,,,,,,,,,,,,,,,,,,,,,,,,,,,,,,,,,
"             1K;  4;""R11", R17, R20," R33""",,,,,,,,,,,,,,,,,,,,,,,,,,,,,,,,,,,,
"          22 uF;  1;""C31""",,,,,,,,,,,,,,,,,,,,,,,,,,,,,,,,,,,,,,,
"       23LC1024;  1;""U3""",,,,,,,,,,,,,,,,,,,,,,,,,,,,,,,,,,,,,,,
"          24.3k;  1;""R16""",,,,,,,,,,,,,,,,,,,,,,,,,,,,,,,,,,,,,,,
"         27C080;  2;""U2"," U16""",,,,,,,,,,,,,,,,,,,,,,,,,,,,,,,,,,,,,,
"            330; 18;""R3", R25, R26, R27, R28, R29, R35, R37, R38, R39, R40, R41, R42, R43, R44, R45, R52," R53""",,,,,,,,,,,,,,,,,,,,,,
"           4700;  1;""R12""",,,,,,,,,,,,,,,,,,,,,,,,,,,,,,,,,,,,,,,
"          49.9k;  1;""R10""",,,,,,,,,,,,,,,,,,,,,,,,,,,,,,,,,,,,,,,
"            4K7;  2;""R34"," R36""",,,,,,,,,,,,,,,,,,,,,,,,,,,,,,,,,,,,,,
"           5.1k;  4;""R6", R7, R8," R15""",,,,,,,,,,,,,,,,,,,,,,,,,,,,,,,,,,,,
"          66.5k;  1;""R4""",,,,,,,,,,,,,,,,,,,,,,,,,,,,,,,,,,,,,,,
"        74LS06N;  1;""U26""",,,,,,,,,,,,,,,,,,,,,,,,,,,,,,,,,,,,,,,
"         74LS14;  1;""U7""",,,,,,,,,,,,,,,,,,,,,,,,,,,,,,,,,,,,,,,
"        74LS245;  5;""U9", U10, U11, U17," U44""",,,,,,,,,,,,,,,,,,,,,,,,,,,,,,,,,,,
"           8255;  1;""U19""",,,,,,,,,,,,,,,,,,,,,,,,,,,,,,,,,,,,,,,
"^^NPN-BC817-SOT323;  1;""Q1""",,,,,,,,,,,,,,,,,,,,,,,,,,,,,,,,,,,,,,,
"              C; 10;""C58", C59, C61, C62, C65, C66, C67, C68, C69," C70""",,,,,,,,,,,,,,,,,,,,,,,,,,,,,,
"        CLK_CPU;  1;""P2""",,,,,,,,,,,,,,,,,,,,,,,,,,,,,,,,,,,,,,,
"      CLK_FPGA1;  1;""U31""",,,,,,,,,,,,,,,,,,,,,,,,,,,,,,,,,,,,,,,
"      CLK_FPGA2;  1;""P11""",,,,,,,,,,,,,,,,,,,,,,,,,,,,,,,,,,,,,,,
"       CLK_UART;  1;""P5""",,,,,,,,,,,,,,,,,,,,,,,,,,,,,,,,,,,,,,,
"         CONN_1;  4;""P17", P18, P19," P20""",,,,,,,,,,,,,,,,,,,,,,,,,,,,,,,,,,,,
"         CONN_3;  9;""K1", K2, K3, K4, K5, K6, K8, K9," K12""",,,,,,,,,,,,,,,,,,,,,,,,,,,,,,,
"         CONN_6;  1;""P14""",,,,,,,,,,,,,,,,,,,,,,,,,,,,,,,,,,,,,,,
"      CPLD_JTAG;  1;""P7""",,,,,,,,,,,,,,,,,,,,,,,,,,,,,,,,,,,,,,,
"          DIODE;  1;""D2""",,,,,,,,,,,,,,,,,,,,,,,,,,,,,,,,,,,,,,,
"        EN_OUTS;  1;""P12""",,,,,,,,,,,,,,,,,,,,,,,,,,,,,,,,,,,,,,,
"         FT232R;  1;""U28""",,,,,,,,,,,,,,,,,,,,,,,,,,,,,,,,,,,,,,,
"IS61LV5128AL-SOJ32;  2;""U25"," U27""",,,,,,,,,,,,,,,,,,,,,,,,,,,,,,,,,,,,,,
"         JUMPER;  4;""JP1", JP2, JP3," JP4""",,,,,,,,,,,,,,,,,,,,,,,,,,,,,,,,,,,,
"            LED;  8;""D3", D4, D5, D6, D7, D8, D9," D10""",,,,,,,,,,,,,,,,,,,,,,,,,,,,,,,,
"LT1638-8PDIP/SO;  1;""U14""",,,,,,,,,,,,,,,,,,,,,,,,,,,,,,,,,,,,,,,
" LT3081-TSSOP16;  6;""U12", U13, U15, U18, U21," U23""",,,,,,,,,,,,,,,,,,,,,,,,,,,,,,,,,,
"         MAX232;  1;""U22""",,,,,,,,,,,,,,,,,,,,,,,,,,,,,,,,,,,,,,,
"        MAX3002; 14;""U5", U20, U29, U34, U35, U36, U37, U38, U39, U40, U41, U42, U43," U45""",,,,,,,,,,,,,,,,,,,,,,,,,,
"      PAC_GHOST;  1;""U4""",,,,,,,,,,,,,,,,,,,,,,,,,,,,,,,,,,,,,,,
"       PARALLEL;  1;""P1""",,,,,,,,,,,,,,,,,,,,,,,,,,,,,,,,,,,,,,,
"        PF_JTAG;  1;""P8""",,,,,,,,,,,,,,,,,,,,,,,,,,,,,,,,,,,,,,,
"   Power Switch;  1;""SW2""",,,,,,,,,,,,,,,,,,,,,,,,,,,,,,,,,,,,,,,
"    POWERBARREL;  1;""U6""",,,,,,,,,,,,,,,,,,,,,,,,,,,,,,,,,,,,,,,
"         PROG_B;  2;""P10"," SW3""",,,,,,,,,,,,,,,,,,,,,,,,,,,,,,,,,,,,,,
"          RESET;  1;""P6""",,,,,,,,,,,,,,,,,,,,,,,,,,,,,,,,,,,,,,,
"      S100_MALE;  1;""P21""",,,,,,,,,,,,,,,,,,,,,,,,,,,,,,,,,,,,,,,
"        S6_JTAG;  1;""P9""",,,,,,,,,,,,,,,,,,,,,,,,,,,,,,,,,,,,,,,
"         SERIAL;  1;""P3""",,,,,,,,,,,,,,,,,,,,,,,,,,,,,,,,,,,,,,,
"        SW_PUSH;  1;""SW1""",,,,,,,,,,,,,,,,,,,,,,,,,,,,,,,,,,,,,,,
"        to_CPLD;  1;""P16""",,,,,,,,,,,,,,,,,,,,,,,,,,,,,,,,,,,,,,,
"        to_FPGA;  1;""P15""",,,,,,,,,,,,,,,,,,,,,,,,,,,,,,,,,,,,,,,
"          USB_2;  1;""J1""",,,,,,,,,,,,,,,,,,,,,,,,,,,,,,,,,,,,,,,
"  XC6SLX9-TQ144;  1;""U30""",,,,,,,,,,,,,,,,,,,,,,,,,,,,,,,,,,,,,,,
"XC95288XL-TQ144;  1;""U32""",,,,,,,,,,,,,,,,,,,,,,,,,,,,,,,,,,,,,,,
"  XC9572XL-VQ44;  1;""U8""",,,,,,,,,,,,,,,,,,,,,,,,,,,,,,,,,,,,,,,
"         XCF02S;  1;""U33""",,,,,,,,,,,,,,,,,,,,,,,,,,,,,,,,,,,,,,,
"   XILINX CABLE;  1;""P4""",,,,,,,,,,,,,,,,,,,,,,,,,,,,,,,,,,,,,,,
"  XILINX CABLE2;  1;""P22""",,,,,,,,,,,,,,,,,,,,,,,,,,,,,,,,,,,,,,,
"        Z80-CPU;  1;""U24""",,,,,,,,,,,,,,,,,,,,,,,,,,,,,,,,,,,,,,,
