0.1 uF,24,"C3 C7 C8 C9 C10 C11 C12 C13 C14 C15 C16 C17 C18 C19 C20 C21 C22 C23 C24 C25 C26 C27 C29 C30"
0.1 uF,2,"C1 C2"
10 uF,6,"C4 C5 C6 C28 C31 C32"
LED,5,"D2 D4 D5 D6 D7"
MCP23S08SO,12,"IC2 IC3 IC4 IC5 IC6 IC7 IC8 IC9 IC10 IC11 IC12 IC13"
XC9572PC84,1,"IC1"
CONN_3X2,12,"MCP1 MCP2 MCP3 MCP4 MCP5 MCP6 MCP7 MCP8 MCP9 MCP10 MCP11 MCP12"
EXTRN_SPI_1,1,"P2"
CLK3,1,"P4"
EXTRN_SPI_2,1,"P5"
CONN_1,2,"P6 P7"
MCP_1_2,1,"P8"
CONN_7X2,1,"P9"
XILINX CABLE2,1,"P10"
MCP_3_4,1,"P11"
MCP_5_6,1,"P12"
MCP_7_8,1,"P13"
MCP_9_10,1,"P14"
MCP_11_12,1,"P15"
S100_MALE,1,"P19"
CONN_3,1,"P20"
CONN_2,3,"P1 P3 P16"
INT3,1,"P17"
INT4,1,"P18"
50,1,"R11"
100,3,"R5 R6 R10"
330,5,"R8 R18 R24 R25 R26"
3K3,1,"R1"
10K,4,"R2 R3 R4 R27"
10K,17,"R7 R9 R12 R13 R14 R15 R16 R17 R19 R20 R21 R22 R23 R28 R30 R31 R32"
DIPS_08,1,"SW1"
LM1086CS,1,"U3"
74LVC1T45,4,"U5 U6 U7 U8"
23LC1024,1,"U31"
74LS682N,1,"U10"
74LS244,1,"U1"
74LVC245,5,"U2 U21 U22 U24 U45"
^^LOGO1,1,"U4"
M25P80,1,"U9"
^^74LS541,2,"U18 U20"
LDO_REG_7805,1,"U34"
