100nF,1,C21
0.1 uF,1,C2
0.1 uF,1,C3
0.1 uF,38,C4 C5 C6 C7 C8 C9 C10 C11 C12 C13 C14 C15 C17 C18 C19 C20 C23 C25 C26 C27 C28 C30 C36 C37 C38 C39 C40 C41 C46 C47 C49 C50 C51 C52 C54 C59 C60 C62
47 uF,1,C1
10 uF,1,Cx2
DONE,2,D1 D2
WAIT,1,D3
CP1,6,D4 D5 D6 D7 D9 D10
D2-1,1,D8
XC9572PC84,1,IC1
CONN_3,2,K1 K2
EN_WAITS,1,K17
CLK_CPU,1,P3
XILINX CABLE2,1,P5
MASTER_OSC,1,P6
CPLD Pins,1,P8
CONN_6,1,P11
CONN_1,2,P34 P35
CONN_2X2,1,P4
CONN_3X2,1,P36
CONN_4X2,1,P2
S100_MALE,1,P1
NMI,1,P7
CONN_2,2,P9 P10
NPN,3,Q1 Q2 Q3
10,4,R35 R36 R37 R38
100,3,R10 R11 R12
330,10,R1 R3 R4 R8 R13 R14 R15 R16 R17 R18
330,1,R5
470,3,R2 R6 R9
4K7,1,R7
4700,1,R41
10k,1,R19
1000,5,RR2 RR3 RR4 RR5 RR6
4700,1,RR7
RESET,1,SW1
DIPS_08,3,SW2 SW3 SW4
2732,1,U13
74LVC1G125,1,U17
74LS04,3,U4 U25 U36
74LS32,1,U18
74LS02,2,U23 U45
74LS00,3,U28 U31 U40
74LS74,2,U33 U34
74LS05,1,U37
74LS157,3,U5 U6 U8
74LS165,3,U9 U10 U11
74LS153,2,U15 U16
74LS139,1,U27
74LS682N,1,U14
74LS244,2,U19 U20
74LS273,4,U29 U30 U32 U39
Z80,1,U1
^^74LS541,5,U2 U3 U12 U21 U22
74LS32,1,U7
^^LOGO1,1,U26
LDO_REG_7805,1,U48
