CR2032;1;"BT1"
0.1 uF;20;"C6 C7 C8 C9 C11 C13 C14 C15 C16 C17 C18 C19 C20 C21 C22 C23 C24 C25 C26 C27"
10 uF;6;"C1 C2 C28 C29 C32 C33"
LED;8;"D1 D2 D3 D4 D5 D6 D7 D8"
JUMPER;6;"JP4 JP5 JP6 JP7 JP8 JP9"
CLK TIMER 2;1;"P1"
I/O;1;"P2"
FPGA I/O;1;"P3"
CONN_1;2;"P6 P7"
XILINX CABLE;1;"P20"
CLK TIMER 1;1;"P21"
S100_MALE;1;"P19"
CLK_SEL;1;"P25"
^^NPN-BC817-SOT323;1;"Q5"
0;1;"R20"
100;3;"R21 R22 R23"
330;9;"R7 R8 R9 R18 R19 R24 R25 R26 R29"
1K;1;"R31"
3K3;1;"R1"
4K7;3;"R6 R28 R30"
10K;5;"R2 R3 R4 R5 R27"
4K7;1;"RR1"
PROG_B;1;"SW2"
7432;1;"U5"
74HC245;2;"U3 U18"
DS1302;1;"U4"
XC6SLX9-TQ144;1;"U30"
23LC1024;1;"U31"
XCF02S;1;"U32"
CLK_FPGA1;1;"U33"
^^3.3VREG_SOT223;1;"U1"
74LVC245;10;"U2 U6 U7 U8 U20 U21 U22 U24 U27 U45"
M25P80;1;"U9"
LDO_REG_7805;1;"U34"
LM1086CS_TO252_DPAK;1;"U35"
32.768KHz;1;"X1"
