"0.1 uF;35;""C2 C4 C5 C6 C7 C8 C9 C10 C11 C12 C13 C14 C15 C16 C17 C18 C19 C20 C21 C22 C23 C24 C25 C26 C27 C28 C29 C30 C36 C37 C39 C40 C41 C42 C43"""
"10 uF;2;""C1 C3"""
"LED;12;""D1 D2 D3 D4 D5 D6 D7 D8 D9 D10 D11 D12"""
"JUMPER;1;""JP8"""
"JUMPER;3;""JP1 JP2 JP3"""
"CONN_1;2;""P34 P35"""
"S100_MALE;1;""P1"""
"470;12;""R1 R2 R3 R4 R5 R6 R7 R8 R9 R10 R11 R12"""
"1100;4;""RR1 RR2 RR3 RR4"""
"DIPS_08;3;""SW1 SW3 SW4"""
"DIPS_08;1;""SW2"""
"SRAM_512KB;16;""U21 U26 U29 U32 U33 U34 U35 U36 U37 U38 U39 U40 U41 U42 U43 U44"""
"74LS01;1;""U10"""
"74LS08;2;""U14 U17"""
"74LS02;1;""U15"""
"74LS32;1;""U25"""
"74LS165;1;""U27"""
"74LS244;3;""U2 U23 U24"""
"74LS240;2;""U9 U28"""
"74LS245;3;""U19 U22 U31"""
"LDO_REG_7805;1;""U1"""
"74LS138;2;""U3 U4"""
"74LS85;6;""U5 U6 U7 U8 U11 U16"""
"^^74LS11;2;""U12 U13"""
"74LS32;1;""U18"""
"74HC00;1;""U20"""
"^^74LS27;1;""U30"""
