"10uF;1;""C13"""
"0.1 uF;1;""C9"""
"0.47 UF;1;""C2"""
"39 UF;7;""C1 C3 C4 C5 C6 C7 C8"""
"DIODE;1;""D1"""
"LED;1;""D12"""
"7805;1;""IC1"""
"LM4250;1;""IC2"""
"JUMPER;3;""JP1 JP2 JP3"""
"RESET(s);1;""K1"""
"POWER BLOCK;1;""P1"""
"CONN_1;22;""P2 P3 P4 P5 P6 P7 P8 P9 P10 P11 P13 P14 P15 P16 P17 P18 P19 P20 P21 P22 P23 P24"""
"CONN_2;1;""P12"""
"CONN_13X2;4;""P25 P26 P27 P28"""
"2N3906;1;""Q1"""
"2N3904;2;""Q2 Q13"""
"TIP29-D44C;1;""Q3"""
"TIP30/D45C;1;""Q4"""
"10;1;""R15"""
"270;14;""R11 R12 R13 R14 RR1 RR2 RR3 RR4 RR5 RR6 RR7 RR8 RR9 RR10"""
"330;1;""R47"""
"560;2;""R3 R5"""
"910;2;""R6 R7"""
"1000;2;""R4 R8"""
"1K;1;""R46"""
"1800;2;""R9 R10"""
"10K;1;""R16"""
"150K;1;""R2"""
"TRIMPOT;1;""R1"""
"SW_PUSH;1;""SW1"""
"S100;17;""U1 U2 U3 U4 U5 U6 U7 U8 U9 U10 U11 U12 U13 U14 U15 U16 U17"""
"S100-EX;1;""U100"""
"^^LOGO1;1;""U1000"""
"LOGO2;1;""U1001"""
"74LS04;1;""U23"""
